Date,Open,High,Low,Close,Volume
07-01-00,1403.449951,1441.469971,1400.72998,1441.469971,1225200000
14-01-00,1449.680054,1473,1449.680054,1465.150024,1085900000
24-01-00,1441.359985,1454.089966,1395.420044,1401.530029,1115800000
31-01-00,1360.160034,1394.47998,1350.140015,1394.459961,993800000
07-02-00,1424.369995,1427.150024,1413.329956,1424.23999,918100000
14-02-00,1387.119995,1394.930054,1380.530029,1389.939941,927300000
22-02-00,1346.089966,1358.109985,1331.880005,1352.170044,980000000
29-02-00,1348.050049,1369.630005,1348.050049,1366.420044,1204300000
07-03-00,1391.280029,1399.209961,1349.98999,1355.619995,1314100000
14-03-00,1383.619995,1395.150024,1359.150024,1359.150024,1094000000
21-03-00,1456.630005,1493.920044,1446.060059,1493.869995,1065900000
28-03-00,1523.859985,1527.359985,1507.089966,1507.72998,959100000
04-04-00,1505.97998,1526.449951,1416.410034,1494.72998,1515460000
11-04-00,1504.459961,1512.800049,1486.780029,1500.589966,971400000
18-04-00,1401.439941,1441.609985,1397.810059,1441.609985,1109400000
26-04-00,1477.439941,1482.939941,1456.97998,1460.98999,999600000
03-05-00,1446.290039,1446.290039,1398.359985,1415.099976,991600000
10-05-00,1412.140015,1412.140015,1375.140015,1383.050049,1006400000
17-05-00,1466.040039,1466.040039,1441.670044,1447.800049,820500000
24-05-00,1373.859985,1401.75,1361.089966,1399.050049,1152300000
01-06-00,1420.599976,1448.810059,1420.599976,1448.810059,960100000
08-06-00,1471.359985,1475.650024,1456.48999,1461.670044,854300000
15-06-00,1470.540039,1482.040039,1464.619995,1478.72998,1011400000
22-06-00,1479.130005,1479.130005,1448.030029,1452.180054,1022700000
29-06-00,1454.819946,1455.140015,1434.630005,1442.390015,1110900000
07-07-00,1456.670044,1484.119995,1456.670044,1478.900024,931700000
14-07-00,1495.839966,1509.98999,1494.560059,1509.97998,960600000
21-07-00,1495.569946,1495.569946,1477.910034,1480.189941,968300000
28-07-00,1449.619995,1456.680054,1413.890015,1419.890015,980000000
04-08-00,1452.560059,1462.930054,1451.310059,1462.930054,956000000
11-08-00,1460.25,1475.719971,1453.060059,1471.839966,835500000
18-08-00,1496.069946,1499.469971,1488.98999,1491.719971,821400000
25-08-00,1508.310059,1513.469971,1505.089966,1506.449951,685600000
01-09-00,1517.680054,1530.089966,1515.530029,1520.77002,767700000
11-09-00,1494.5,1506.76001,1483.01001,1489.26001,899300000
18-09-00,1465.810059,1467.77002,1441.920044,1444.51001,962500000
25-09-00,1448.719971,1457.420044,1435.930054,1439.030029,982400000
02-10-00,1436.52002,1445.599976,1429.829956,1436.22998,1051200000
09-10-00,1408.98999,1409.689941,1392.47998,1402.030029,716600000
16-10-00,1374.170044,1379.47998,1365.060059,1374.619995,1005400000
23-10-00,1396.930054,1406.959961,1387.75,1395.780029,1046800000
30-10-00,1379.579956,1406.359985,1376.859985,1398.660034,1186500000
06-11-00,1428.76001,1438.459961,1427.719971,1432.189941,930900000
13-11-00,1365.97998,1365.97998,1328.619995,1351.26001,1129300000
20-11-00,1367.719971,1367.719971,1341.670044,1342.619995,955800000
28-11-00,1348.969971,1358.810059,1334.969971,1336.089966,1028200000
05-12-00,1324.969971,1376.560059,1324.969971,1376.540039,900300000
12-12-00,1380.199951,1380.27002,1370.27002,1371.180054,1083400000
19-12-00,1322.959961,1346.439941,1305.199951,1305.599976,1324900000
27-12-00,1315.189941,1332.030029,1310.959961,1328.920044,1092700000
04-01-01,1347.560059,1350.23999,1329.140015,1333.339966,2131000000
11-01-01,1313.27002,1332.189941,1309.719971,1326.819946,1411200000
19-01-01,1347.969971,1354.550049,1336.73999,1342.540039,1407800000
26-01-01,1357.51001,1357.51001,1342.75,1354.949951,1098000000
02-02-01,1373.469971,1376.380005,1348.719971,1349.469971,1048400000
09-02-01,1332.530029,1332.530029,1309.97998,1314.76001,1075500000
16-02-01,1326.609985,1326.609985,1293.180054,1301.530029,1257200000
26-02-01,1245.859985,1267.689941,1241.709961,1267.650024,1130800000
05-03-01,1234.180054,1242.550049,1234.040039,1241.410034,929200000
12-03-01,1233.420044,1233.420044,1176.780029,1180.160034,1229000000
19-03-01,1150.530029,1173.5,1147.180054,1170.810059,1126200000
26-03-01,1139.829956,1160.02002,1139.829956,1152.689941,1114000000
02-04-01,1160.329956,1169.51001,1137.51001,1145.869995,1254900000
09-04-01,1128.430054,1146.130005,1126.380005,1137.589966,1062800000
17-04-01,1179.680054,1192.25,1168.900024,1191.810059,1109600000
24-04-01,1224.359985,1233.540039,1208.890015,1209.469971,1216500000
01-05-01,1249.459961,1266.469971,1243.550049,1266.439941,1181300000
08-05-01,1266.709961,1267.01001,1253,1261.199951,1006300000
15-05-01,1248.920044,1257.449951,1245.359985,1249.439941,1071800000
22-05-01,1312.829956,1315.930054,1306.890015,1309.380005,1260400000
30-05-01,1267.930054,1267.930054,1245.959961,1248.079956,1158600000
06-06-01,1283.569946,1283.849976,1269.01001,1270.030029,1061900000
13-06-01,1255.849976,1259.75,1241.589966,1241.599976,1063600000
20-06-01,1212.579956,1225.609985,1210.069946,1223.140015,1350100000
27-06-01,1216.76001,1219.920044,1207.290039,1211.069946,1162100000
05-07-01,1234.449951,1234.449951,1219.150024,1219.23999,934900000
12-07-01,1180.180054,1210.25,1180.180054,1208.140015,1394000000
19-07-01,1207.709961,1225.040039,1205.800049,1215.02002,1343500000
26-07-01,1190.48999,1204.180054,1182.650024,1202.930054,1213900000
02-08-01,1215.930054,1226.27002,1215.310059,1220.75,1218300000
09-08-01,1183.530029,1184.709961,1174.680054,1183.430054,1104200000
16-08-01,1178.02002,1181.800049,1166.079956,1181.660034,1055400000
23-08-01,1165.310059,1169.859985,1160.959961,1162.089966,986200000
30-08-01,1148.599976,1151.75,1124.869995,1129.030029,1157000000
07-09-01,1106.400024,1106.400024,1082.119995,1085.780029,1424300000
20-09-01,1016.099976,1016.099976,984.48999,984.539978,2004800000
27-09-01,1007.039978,1018.919983,998.23999,1018.609985,1467000000
04-10-01,1072.280029,1084.119995,1067.819946,1069.630005,1609100000
11-10-01,1080.98999,1099.160034,1080.98999,1097.430054,1704580000
18-10-01,1077.089966,1077.939941,1064.540039,1068.609985,1262900000
25-10-01,1085.199951,1100.089966,1065.640015,1100.089966,1364400000
01-11-01,1059.780029,1085.609985,1054.310059,1084.099976,1317400000
08-11-01,1115.800049,1135.75,1115.420044,1118.540039,1517500000
15-11-01,1141.209961,1146.459961,1135.060059,1142.23999,1454500000
23-11-01,1137.030029,1151.050049,1135.900024,1150.339966,410300000
30-11-01,1140.199951,1143.569946,1135.890015,1139.449951,1343600000
07-12-01,1167.099976,1167.099976,1152.660034,1158.310059,1248200000
14-12-01,1119.380005,1128.280029,1114.530029,1123.089966,1306800000
21-12-01,1139.930054,1147.459961,1139.930054,1144.890015,1694000000
31-12-01,1161.02002,1161.160034,1148.040039,1148.079956,943600000
08-01-02,1164.890015,1167.599976,1157.459961,1160.709961,1258800000
15-01-02,1138.410034,1148.810059,1136.880005,1146.189941,1386900000
23-01-02,1119.310059,1131.939941,1117.430054,1128.180054,1479200000
30-01-02,1100.640015,1113.790039,1081.660034,1113.569946,2019600000
06-02-02,1090.02002,1093.579956,1077.780029,1083.51001,1665800000
13-02-02,1107.5,1120.560059,1107.5,1118.51001,1215900000
21-02-02,1097.97998,1101.5,1080.23999,1080.949951,1381600000
28-02-02,1109.890015,1121.569946,1106.72998,1106.72998,1392200000
07-03-02,1162.77002,1167.939941,1150.689941,1157.540039,1517400000
14-03-02,1154.089966,1157.829956,1151.079956,1153.040039,1208800000
21-03-02,1151.849976,1155.099976,1139.47998,1153.589966,1339200000
28-03-02,1144.579956,1154.449951,1144.579956,1147.390015,1147600000
05-04-02,1126.339966,1133.310059,1119.48999,1122.72998,1110200000
12-04-02,1103.689941,1112.77002,1102.73999,1111.01001,1282100000
19-04-02,1124.469971,1128.819946,1122.589966,1125.170044,1185000000
26-04-02,1091.47998,1096.77002,1076.310059,1076.319946,1374200000
03-05-02,1084.560059,1084.560059,1068.890015,1073.430054,1284500000
10-05-02,1073.01001,1075.430054,1053.930054,1054.98999,1171900000
17-05-02,1098.22998,1106.589966,1096.77002,1106.589966,1274400000
24-05-02,1097.079956,1097.079956,1082.189941,1083.819946,885400000
03-06-02,1067.140015,1070.73999,1039.900024,1040.680054,1324300000
10-06-02,1027.530029,1038.180054,1025.449951,1030.73999,1226200000
17-06-02,1007.27002,1036.170044,1007.27002,1036.170044,1236600000
24-06-02,989.140015,1002.109985,970.849976,992.719971,1552600000
01-07-02,989.820007,994.460022,967.429993,968.650024,1425500000
09-07-02,976.97998,979.630005,951.710022,952.830017,1348900000
16-07-02,917.929993,918.650024,897.130005,900.940002,1843700000
23-07-02,819.849976,827.690002,796.130005,797.700012,2441020000
30-07-02,898.960022,909.809998,884.700012,902.780029,1826090000
06-08-02,834.599976,874.440002,834.599976,859.570007,1514100000
13-08-02,903.799988,911.710022,883.619995,884.210022,1297700000
20-08-02,950.700012,950.700012,931.859985,937.429993,1308500000
27-08-02,947.950012,955.820007,930.359985,934.820007,1307700000
04-09-02,878.02002,896.099976,875.72998,893.400024,1372100000
11-09-02,910.630005,924.02002,908.469971,909.450012,846600000
18-09-02,873.52002,878.450012,857.390015,869.460022,1501000000
25-09-02,819.27002,844.219971,818.460022,839.659973,1651500000
02-10-02,843.77002,851.929993,826.5,827.909973,1668900000
09-10-02,798.549988,798.549988,775.799988,776.76001,1885030000
16-10-02,881.27002,881.27002,856.280029,860.02002,1585000000
23-10-02,890.159973,896.140015,873.820007,896.140015,1593900000
30-10-02,882.150024,895.280029,879.190002,890.710022,1422300000
06-11-02,915.390015,925.659973,905,923.76001,1674000000
13-11-02,882.950012,892.51001,872.049988,882.530029,1463400000
20-11-02,896.73999,915.01001,894.929993,914.150024,1517300000
27-11-02,913.309998,940.409973,913.309998,938.869995,1350300000
05-12-02,917.580017,921.48999,905.900024,906.549988,1250200000
12-12-02,904.960022,908.369995,897,901.580017,1255300000
19-12-02,890.02002,899.190002,880.320007,884.25,1385900000
27-12-02,889.659973,890.460022,873.619995,875.400024,758400000
06-01-03,908.590027,931.77002,908.590027,929.01001,1435900000
13-01-03,927.570007,935.049988,922.049988,926.26001,1396300000
21-01-03,901.780029,906,887.619995,887.619995,1335200000
28-01-03,847.47998,860.76001,847.47998,858.539978,1459100000
04-02-03,860.320007,860.320007,840.190002,848.200012,1451600000
11-02-03,835.969971,843.02002,825.090027,829.200012,1307000000
19-02-03,851.169983,851.169983,838.789978,845.130005,1075600000
26-02-03,838.570007,840.099976,826.679993,827.549988,1374400000
05-03-03,821.98999,829.869995,819,829.849976,1332700000
12-03-03,800.72998,804.190002,788.900024,804.190002,1620000000
19-03-03,866.450012,874.98999,861.210022,874.02002,1473400000
26-03-03,874.73999,875.799988,866.469971,869.950012,1319700000
02-04-03,858.47998,884.570007,858.47998,880.900024,1589800000
09-04-03,878.289978,887.349976,865.719971,865.98999,1293700000
16-04-03,890.809998,896.77002,877.929993,879.909973,1587600000
24-04-03,919.02002,919.02002,906.690002,911.429993,1648100000
01-05-03,916.919983,919.679993,902.830017,916.299988,1397500000
08-05-03,929.619995,929.619995,919.719971,920.27002,1379600000
15-05-03,939.280029,948.22998,938.789978,946.669983,1508700000
22-05-03,923.419983,935.299988,922.539978,931.869995,1448500000
30-05-03,949.640015,965.380005,949.640015,963.590027,1688800000
06-06-03,990.140015,1007.690002,986.01001,987.76001,1837200000
13-06-03,998.51001,1000.919983,984.27002,988.609985,1271600000
20-06-03,994.700012,1002.090027,993.359985,995.690002,1698000000
27-06-03,985.820007,988.880005,974.289978,976.219971,1267800000
07-07-03,985.700012,1005.559998,985.700012,1004.419983,1429100000
14-07-03,998.140015,1015.409973,998.140015,1003.859985,1448900000
21-07-03,993.320007,993.320007,975.630005,978.799988,1254200000
28-07-03,998.679993,1000.679993,993.590027,996.52002,1328600000
04-08-03,980.150024,985.75,966.789978,982.820007,1318700000
11-08-03,977.590027,985.460022,974.210022,980.590027,1022200000
18-08-03,990.669983,1000.349976,990.669983,999.73999,1127600000
25-08-03,993.059998,993.710022,987.909973,993.710022,971700000
02-09-03,1008.01001,1022.590027,1005.72998,1021.98999,1470500000
09-09-03,1031.640015,1031.640015,1021.140015,1023.169983,1414800000
16-09-03,1014.809998,1029.660034,1014.809998,1029.319946,1403200000
23-09-03,1022.820007,1030.119995,1021.539978,1029.030029,1301700000
30-09-03,1006.580017,1006.580017,990.359985,995.969971,1590500000
07-10-03,1034.349976,1039.25,1026.27002,1039.25,1279500000
14-10-03,1045.349976,1049.48999,1040.839966,1049.47998,1271900000
21-10-03,1044.680054,1048.569946,1042.589966,1046.030029,1498000000
28-10-03,1031.130005,1046.790039,1031.130005,1046.790039,1629200000
04-11-03,1059.02002,1059.02002,1051.699951,1053.25,1417600000
11-11-03,1047.109985,1048.22998,1043.459961,1046.569946,1162500000
18-11-03,1043.630005,1048.77002,1034,1034.150024,1354300000
25-11-03,1052.079956,1058.050049,1049.310059,1053.890015,1333700000
03-12-03,1066.619995,1074.300049,1064.630005,1064.72998,1441700000
10-12-03,1060.180054,1063.02002,1053.410034,1059.050049,1444000000
17-12-03,1075.130005,1076.540039,1071.140015,1076.47998,1441700000
24-12-03,1096.02002,1096.400024,1092.72998,1094.040039,518060000
02-01-04,1111.920044,1118.849976,1105.079956,1108.47998,1153200000
09-01-04,1131.920044,1131.920044,1120.900024,1121.859985,1720700000
16-01-04,1132.050049,1139.829956,1132.050049,1139.829956,1721100000
26-01-04,1141.550049,1155.380005,1141,1155.369995,1480600000
02-02-04,1131.130005,1142.449951,1127.869995,1135.26001,1599200000
09-02-04,1142.76001,1144.459961,1139.209961,1139.810059,1303500000
17-02-04,1145.810059,1158.97998,1145.810059,1156.98999,1396500000
24-02-04,1140.98999,1144.540039,1134.430054,1139.089966,1543600000
02-03-04,1155.969971,1156.540039,1147.310059,1149.099976,1476000000
09-03-04,1147.199951,1147.319946,1136.839966,1140.579956,1499400000
16-03-04,1104.48999,1113.76001,1102.609985,1110.699951,1500700000
23-03-04,1095.400024,1101.52002,1091.569946,1093.949951,1458200000
30-03-04,1122.469971,1127.599976,1119.660034,1127,1332400000
06-04-04,1150.569946,1150.569946,1143.300049,1148.160034,1397700000
14-04-04,1129.439941,1132.52002,1122.150024,1128.170044,1547700000
21-04-04,1118.150024,1125.719971,1116.030029,1124.089966,1738100000
28-04-04,1138.109985,1138.109985,1121.699951,1122.410034,1855600000
05-05-04,1119.550049,1125.069946,1117.900024,1121.530029,1469000000
12-05-04,1095.449951,1097.550049,1076.319946,1097.280029,1697600000
19-05-04,1091.48999,1105.930054,1088.48999,1088.680054,1548600000
26-05-04,1113.050049,1116.709961,1109.910034,1114.939941,1369400000
03-06-04,1124.98999,1125.310059,1116.569946,1116.640015,1232400000
10-06-04,1131.329956,1136.469971,1131.329956,1136.469971,1160600000
18-06-04,1132.050049,1138.959961,1129.829956,1135.02002,1500600000
25-06-04,1140.650024,1145.969971,1134.23999,1134.430054,1812900000
02-07-04,1128.939941,1129.150024,1123.26001,1125.380005,1085000000
12-07-04,1112.810059,1116.109985,1106.709961,1114.349976,1114600000
19-07-04,1101.390015,1105.52002,1096.550049,1100.900024,1319900000
26-07-04,1086.199951,1089.819946,1078.780029,1084.069946,1413400000
02-08-04,1101.719971,1108.599976,1097.339966,1106.619995,1276000000
09-08-04,1063.969971,1069.459961,1063.969971,1065.219971,1086000000
16-08-04,1064.800049,1080.660034,1064.800049,1079.339966,1206200000
23-08-04,1098.349976,1101.400024,1094.72998,1095.680054,1021900000
30-08-04,1107.77002,1107.77002,1099.150024,1099.150024,843100000
07-09-04,1113.630005,1124.079956,1113.630005,1121.300049,1214400000
14-09-04,1125.819946,1129.459961,1124.719971,1128.329956,1204500000
21-09-04,1122.199951,1131.540039,1122.199951,1129.300049,1325000000
28-09-04,1103.52002,1111.77002,1101.290039,1110.060059,1396600000
05-10-04,1135.170044,1137.869995,1132.030029,1134.47998,1418400000
12-10-04,1124.390015,1124.390015,1115.77002,1121.839966,1320100000
19-10-04,1114.02002,1117.959961,1103.150024,1103.22998,1737500000
26-10-04,1094.810059,1111.099976,1094.810059,1111.089966,1685400000
02-11-04,1130.51001,1140.47998,1128.119995,1130.560059,1659000000
09-11-04,1164.890015,1168.959961,1162.47998,1164.079956,1450800000
16-11-04,1183.810059,1183.810059,1175.319946,1175.430054,1364400000
23-11-04,1177.23999,1179.52002,1171.410034,1176.939941,1428300000
01-12-04,1173.780029,1191.369995,1173.780029,1191.369995,1772800000
08-12-04,1177.069946,1184.050049,1177.069946,1182.810059,1525200000
15-12-04,1203.380005,1206.609985,1199.439941,1205.719971,1695800000
22-12-04,1205.449951,1211.420044,1203.849976,1209.569946,1390800000
30-12-04,1213.449951,1216.469971,1213.410034,1213.550049,829800000
06-01-05,1183.73999,1191.630005,1183.27002,1187.890015,1569100000
13-01-05,1187.699951,1187.699951,1175.810059,1177.449951,1510300000
21-01-05,1175.410034,1179.449951,1167.819946,1167.869995,1643500000
28-01-05,1174.550049,1175.609985,1166.25,1171.359985,1641800000
04-02-05,1189.890015,1203.469971,1189.670044,1203.030029,1648160000
11-02-05,1197.01001,1208.380005,1193.280029,1205.300049,1562300000
18-02-05,1200.75,1202.920044,1197.349976,1201.589966,1551200000
28-02-05,1211.369995,1211.369995,1198.130005,1203.599976,1795480000
07-03-05,1222.119995,1229.109985,1222.119995,1225.310059,1488830000
14-03-05,1200.079956,1206.829956,1199.51001,1206.829956,1437430000
21-03-05,1189.650024,1189.650024,1178.819946,1183.780029,1819440000
29-03-05,1174.280029,1179.390015,1163.689941,1165.359985,2223250000
05-04-05,1176.119995,1183.560059,1176.119995,1181.390015,1870800000
12-04-05,1181.209961,1190.170044,1170.849976,1187.76001,1979830000
19-04-05,1145.97998,1154.670044,1145.97998,1152.780029,2142700000
26-04-05,1162.099976,1164.800049,1151.829956,1151.829956,1959740000
03-05-05,1162.160034,1166.890015,1156.709961,1161.170044,2167020000
10-05-05,1178.839966,1178.839966,1162.97998,1166.219971,1889660000
17-05-05,1165.689941,1174.349976,1159.859985,1173.800049,1887260000
24-05-05,1193.859985,1195.290039,1189.869995,1194.069946,1681000000
01-06-05,1191.5,1205.640015,1191.030029,1202.219971,1810100000
08-06-05,1197.26001,1201.969971,1193.329956,1194.670044,1715490000
15-06-05,1203.910034,1208.079956,1198.660034,1206.579956,1840440000
22-06-05,1213.609985,1219.589966,1211.689941,1213.880005,1823250000
29-06-05,1201.569946,1204.069946,1198.699951,1199.849976,1769280000
07-07-05,1194.939941,1198.459961,1183.550049,1197.869995,1952440000
14-07-05,1223.290039,1233.160034,1223.290039,1226.5,2048710000
21-07-05,1235.199951,1235.829956,1224.699951,1227.040039,2129840000
28-07-05,1236.790039,1245.150024,1235.810059,1243.719971,2001680000
04-08-05,1245.040039,1245.040039,1235.150024,1235.859985,1981220000
11-08-05,1229.130005,1237.810059,1228.329956,1237.810059,1941560000
18-08-05,1220.23999,1222.640015,1215.930054,1219.02002,1808170000
25-08-05,1209.589966,1213.72998,1209.569946,1212.369995,1571110000
01-09-05,1220.329956,1227.290039,1216.180054,1221.589966,2229860000
09-09-05,1231.670044,1243.130005,1231.670044,1241.47998,1992560000
16-09-05,1228.420044,1237.949951,1228.420044,1237.910034,3152470000
23-09-05,1214.619995,1218.829956,1209.800049,1215.290039,1973020000
30-09-05,1227.680054,1229.569946,1225.219971,1228.810059,2097520000
07-10-05,1191.48999,1199.709961,1191.459961,1195.900024,2126080000
14-10-05,1176.839966,1187.130005,1175.439941,1186.569946,2188940000
21-10-05,1177.800049,1186.459961,1174.920044,1179.589966,2470920000
28-10-05,1178.900024,1198.410034,1178.900024,1198.410034,2379400000
04-11-05,1219.939941,1222.52002,1214.449951,1220.140015,2050510000
11-11-05,1230.959961,1235.699951,1230.719971,1234.719971,1773140000
18-11-05,1242.800049,1249.579956,1240.709961,1248.27002,2453290000
28-11-05,1268.25,1268.439941,1257.170044,1257.459961,2016900000
05-12-05,1265.079956,1265.079956,1258.119995,1262.089966,2325840000
12-12-05,1259.369995,1263.859985,1255.52002,1260.430054,1876550000
19-12-05,1267.319946,1270.51001,1259.280029,1259.920044,2208810000
27-12-05,1268.660034,1271.829956,1256.540039,1256.540039,1540470000
04-01-06,1268.800049,1275.369995,1267.73999,1273.459961,2515330000
11-01-06,1289.719971,1294.900024,1288.119995,1294.180054,2406130000
19-01-06,1277.930054,1287.790039,1277.930054,1285.040039,2444020000
26-01-06,1264.680054,1276.439941,1264.680054,1273.829956,2856780000
02-02-06,1282.459961,1282.459961,1267.719971,1270.839966,2565300000
09-02-06,1265.650024,1274.560059,1262.800049,1263.780029,2441920000
16-02-06,1280,1289.390015,1280,1289.380005,2251490000
24-02-06,1287.790039,1292.109985,1285.619995,1289.430054,1933010000
03-03-06,1289.140015,1297.329956,1284.199951,1287.22998,2152950000
10-03-06,1272.22998,1284.369995,1271.109985,1281.420044,2123450000
17-03-06,1305.329956,1309.790039,1305.319946,1307.25,2549620000
24-03-06,1301.670044,1306.530029,1298.890015,1302.949951,2326070000
31-03-06,1300.25,1303,1294.869995,1294.869995,2236710000
07-04-06,1309.040039,1314.069946,1294.180054,1295.5,2082470000
17-04-06,1289.119995,1292.449951,1280.73999,1285.329956,1794650000
24-04-06,1311.280029,1311.280029,1303.790039,1308.109985,2117330000
01-05-06,1310.609985,1317.209961,1303.459961,1305.189941,2437040000
08-05-06,1325.76001,1326.699951,1322.869995,1324.660034,2151300000
15-05-06,1291.189941,1294.810059,1284.51001,1294.5,2505660000
22-05-06,1267.030029,1268.77002,1252.97998,1262.069946,2773010000
30-05-06,1280.040039,1280.040039,1259.869995,1259.869995,2176190000
06-06-06,1265.22998,1269.880005,1254.459961,1263.849976,2697650000
13-06-06,1236.079956,1243.369995,1222.52002,1223.689941,3215770000
20-06-06,1240.119995,1249.01001,1238.869995,1240.119995,2232950000
27-06-06,1250.550049,1253.369995,1238.939941,1239.199951,2203130000
05-07-06,1280.050049,1280.050049,1265.910034,1270.910034,2165070000
12-07-06,1272.390015,1273.310059,1257.290039,1258.599976,2250450000
19-07-06,1236.73999,1261.810059,1236.73999,1259.810059,2701980000
26-07-06,1268.869995,1273.890015,1261.939941,1268.400024,2667710000
02-08-06,1270.72998,1283.420044,1270.72998,1277.410034,2610750000
09-08-06,1271.130005,1283.73999,1264.72998,1265.949951,2555180000
16-08-06,1285.27002,1296.209961,1285.27002,1295.430054,2554570000
23-08-06,1298.72998,1301.5,1289.819946,1292.98999,1893670000
30-08-06,1303.699951,1306.73999,1302.150024,1305.369995,2060690000
07-09-06,1300.209961,1301.25,1292.130005,1294.02002,2325850000
14-09-06,1318,1318,1313.25,1316.280029,2351220000
21-09-06,1324.890015,1328.189941,1315.449951,1318.030029,2627440000
28-09-06,1336.560059,1340.280029,1333.75,1338.880005,2397820000
05-10-06,1349.839966,1353.790039,1347.75,1353.219971,2817240000
12-10-06,1349.939941,1363.76001,1349.939941,1362.829956,2514350000
19-10-06,1365.949951,1368.089966,1362.060059,1366.959961,2619830000
26-10-06,1382.209961,1389.449951,1379.469971,1389.079956,2793350000
02-11-06,1367.439941,1368.390015,1362.209961,1367.339966,2646180000
09-11-06,1385.430054,1388.920044,1377.310059,1378.329956,3012050000
16-11-06,1396.530029,1403.76001,1396.530029,1399.76001,2835730000
24-11-06,1405.939941,1405.939941,1399.25,1400.949951,832550000
01-12-06,1400.630005,1402.459961,1385.930054,1396.709961,2800980000
08-12-06,1407.27002,1414.089966,1403.670044,1409.839966,2440460000
15-12-06,1425.47998,1431.630005,1425.47998,1427.089966,3229580000
22-12-06,1418.099976,1418.819946,1410.280029,1410.76001,1647590000
03-01-07,1418.030029,1429.420044,1407.859985,1416.599976,3429160000
10-01-07,1408.699951,1415.98999,1405.319946,1414.849976,2764660000
18-01-07,1430.589966,1432.959961,1424.209961,1426.369995,2822430000
25-01-07,1440.119995,1440.689941,1422.339966,1423.900024,2994330000
01-02-07,1437.900024,1446.640015,1437.900024,1445.939941,2914890000
08-02-07,1449.98999,1450.449951,1442.810059,1448.310059,2816180000
15-02-07,1455.150024,1457.969971,1453.189941,1456.810059,2490920000
23-02-07,1456.219971,1456.219971,1448.359985,1451.189941,2579950000
02-03-07,1403.160034,1403.400024,1386.869995,1387.170044,3312260000
09-03-07,1401.890015,1410.150024,1397.300049,1402.839966,2623050000
16-03-07,1392.280029,1397.51001,1383.630005,1386.949951,3393640000
23-03-07,1434.540039,1438.890015,1433.209961,1436.109985,2619020000
30-03-07,1422.52002,1429.219971,1408.900024,1420.859985,2903960000
09-04-07,1443.77002,1448.099976,1443.280029,1444.609985,2349410000
16-04-07,1452.839966,1468.619995,1452.839966,1468.329956,2870140000
23-04-07,1484.329956,1487.319946,1480.189941,1480.930054,2575020000
30-04-07,1494.069946,1497.160034,1482.290039,1482.369995,3093420000
07-05-07,1505.569946,1511,1505.540039,1509.47998,2545090000
14-05-07,1505.76001,1510.900024,1498.339966,1503.150024,2776130000
21-05-07,1522.75,1529.869995,1522.709961,1525.099976,3465360000
29-05-07,1515.550049,1521.800049,1512.02002,1518.109985,2571790000
05-06-07,1539.119995,1539.119995,1525.619995,1530.949951,2939450000
12-06-07,1509.119995,1511.329956,1492.969971,1493,3056200000
19-06-07,1531.02002,1535.849976,1525.670044,1533.699951,2873590000
26-06-07,1497.680054,1506.119995,1490.540039,1492.890015,3398530000
03-07-07,1519.119995,1526.01001,1519.119995,1524.869995,1560790000
11-07-07,1509.930054,1519.339966,1506.099976,1518.76001,3082920000
18-07-07,1549.199951,1549.199951,1533.670044,1546.170044,3609220000
25-07-07,1511.030029,1524.310059,1503.72998,1518.089966,4283200000
01-08-07,1455.180054,1468.380005,1439.589966,1465.810059,5256780000
08-08-07,1476.219971,1503.890015,1476.219971,1497.48999,5499560000
15-08-07,1426.150024,1440.780029,1404.359985,1406.699951,4290930000
22-08-07,1447.030029,1464.859985,1447.030029,1464.069946,3309120000
29-08-07,1432.01001,1463.76001,1432.01001,1463.76001,2824070000
06-09-07,1472.030029,1481.48999,1467.410034,1478.550049,2459590000
13-09-07,1471.469971,1489.579956,1471.469971,1483.949951,2877080000
20-09-07,1528.689941,1529.140015,1516.420044,1518.75,2957700000
27-09-07,1527.319946,1532.459961,1525.810059,1531.380005,2872180000
04-10-07,1539.910034,1544.02002,1537.630005,1542.839966,2690430000
11-10-07,1564.719971,1576.089966,1546.719971,1554.410034,3911260000
18-10-07,1539.290039,1542.790039,1531.76001,1540.079956,3203210000
25-10-07,1516.150024,1523.23999,1500.459961,1514.400024,4183960000
01-11-07,1545.790039,1545.790039,1506.660034,1508.439941,4241470000
08-11-07,1475.27002,1482.5,1450.310059,1474.77002,5439720000
15-11-07,1468.040039,1472.670044,1443.48999,1451.150024,3941010000
23-11-07,1417.619995,1440.859985,1417.619995,1440.699951,1612720000
30-11-07,1471.829956,1488.939941,1470.890015,1481.140015,4422200000
07-12-07,1508.599976,1510.630005,1502.660034,1504.660034,3177710000
14-12-07,1486.189941,1486.670044,1467.780029,1467.949951,3401050000
21-12-07,1463.189941,1485.400024,1463.189941,1484.459961,4508590000
31-12-07,1475.25,1475.829956,1465.130005,1468.359985,2440880000
08-01-08,1415.709961,1430.280029,1388.300049,1390.189941,4705390000
15-01-08,1411.880005,1411.880005,1380.599976,1380.949951,4601640000
23-01-08,1310.410034,1339.089966,1270.050049,1338.599976,3241680000
30-01-08,1362.219971,1385.859985,1352.949951,1355.810059,4742760000
06-02-08,1339.47998,1351.959961,1324.339966,1326.449951,4008120000
13-02-08,1353.119995,1369.22998,1350.780029,1367.209961,3856420000
21-02-08,1362.209961,1367.939941,1339.339966,1342.530029,3696660000
28-02-08,1378.160034,1378.160034,1363.160034,1367.680054,3938580000
06-03-08,1332.199951,1332.199951,1303.420044,1304.339966,4323460000
13-03-08,1305.26001,1321.680054,1282.109985,1315.47998,5073360000
20-03-08,1299.670044,1330.670044,1295.219971,1329.51001,6145220000
28-03-08,1327.02002,1334.869995,1312.949951,1315.219971,3686980000
04-04-08,1369.849976,1380.910034,1362.829956,1370.400024,3703100000
11-04-08,1357.97998,1357.97998,1331.209961,1332.829956,3723790000
18-04-08,1369,1395.900024,1369,1390.329956,4222380000
25-04-08,1387.880005,1399.109985,1379.97998,1397.839966,3891150000
02-05-08,1409.160034,1422.719971,1406.25,1413.900024,3953030000
09-05-08,1394.900024,1394.900024,1384.109985,1388.280029,3518620000
16-05-08,1423.890015,1425.819946,1414.349976,1425.349976,3842590000
23-05-08,1392.199951,1392.199951,1373.719971,1375.930054,3516380000
02-06-08,1399.619995,1399.619995,1377.790039,1385.670044,3714320000
09-06-08,1360.829956,1370.630005,1350.619995,1361.76001,4404570000
16-06-08,1358.849976,1364.699951,1352.069946,1360.140015,3706940000
23-06-08,1319.77002,1323.780029,1315.310059,1318,4186370000
30-06-08,1278.060059,1290.310059,1274.859985,1280,5032330000
08-07-08,1251.839966,1274.170044,1242.839966,1273.699951,6034110000
15-07-08,1226.829956,1234.349976,1200.439941,1214.910034,7363640000
22-07-08,1257.079956,1277.420044,1248.829956,1277,6180230000
29-07-08,1236.380005,1263.199951,1236.380005,1263.199951,5414240000
05-08-08,1254.869995,1284.880005,1254.670044,1284.880005,1219310000
12-08-08,1304.790039,1304.790039,1285.640015,1289.589966,4711290000
19-08-08,1276.650024,1276.650024,1263.109985,1266.689941,4159760000
26-08-08,1267.030029,1275.650024,1263.209961,1271.51001,3587570000
03-09-08,1276.609985,1280.599976,1265.589966,1274.97998,5056980000
10-09-08,1227.5,1243.900024,1221.599976,1232.040039,6543440000
17-09-08,1210.339966,1210.339966,1155.880005,1156.390015,9431870000
24-09-08,1188.790039,1197.410034,1179.790039,1185.869995,4820360000
01-10-08,1164.170044,1167.030029,1140.77002,1161.060059,5782130000
08-10-08,988.909973,1021.059998,970.969971,984.940002,8716330000
15-10-08,994.599976,994.599976,903.98999,907.840027,6542330000
22-10-08,951.669983,951.669983,875.809998,896.780029,6147980000
29-10-08,939.51001,969.969971,922.26001,930.090027,7077800000
05-11-08,1001.840027,1001.840027,949.859985,952.77002,5426640000
12-11-08,893.390015,893.390015,850.47998,852.299988,5764180000
19-11-08,859.030029,864.570007,806.179993,806.580017,6548600000
26-11-08,852.900024,887.679993,841.369995,887.679993,5793260000
04-12-08,869.75,875.599976,833.599976,845.219971,5860390000
11-12-08,898.349976,904.630005,868.72998,873.590027,5513840000
18-12-08,905.97998,911.02002,877.440002,885.280029,5675000000
26-12-08,869.51001,873.73999,866.52002,872.799988,1880050000
05-01-09,929.169983,936.630005,919.530029,927.450012,5413910000
12-01-09,890.400024,890.400024,864.320007,870.26001,4725050000
20-01-09,849.640015,849.640015,804.469971,805.219971,6375230000
27-01-09,837.299988,850.450012,835.400024,845.710022,5353260000
03-02-09,825.690002,842.599976,821.97998,838.51001,5886310000
10-02-09,866.869995,868.049988,822.98999,827.159973,6770170000
18-02-09,791.059998,796.169983,780.429993,788.419983,5740710000
25-02-09,770.640015,780.119995,752.890015,764.900024,7483640000
04-03-09,698.599976,724.119995,698.599976,712.869995,7673620000
11-03-09,719.590027,731.919983,713.849976,721.359985,7287810000
18-03-09,776.01001,803.039978,765.640015,794.349976,9098450000
25-03-09,806.809998,826.780029,791.369995,813.880005,7687180000
01-04-09,793.590027,813.619995,783.320007,811.080017,6034140000
08-04-09,816.76001,828.419983,814.840027,825.159973,5938460000
16-04-09,854.539978,870.349976,847.039978,865.299988,6598670000
23-04-09,844.619995,852.869995,835.450012,851.919983,6563100000
30-04-09,876.590027,888.700012,868.51001,872.809998,6862540000
07-05-09,919.580017,929.580017,901.359985,907.390015,9120100000
14-05-09,884.23999,898.359985,882.52002,893.070007,6134870000
21-05-09,900.419983,900.419983,879.609985,888.330017,6019840000
29-05-09,907.02002,920.02002,903.559998,919.140015,6050420000
05-06-09,945.669983,951.690002,934.130005,940.090027,5277910000
12-06-09,943.440002,946.299988,935.659973,946.210022,4528120000
19-06-09,919.960022,927.090027,915.799988,921.22998,5713390000
26-06-09,918.840027,922,913.030029,918.900024,6076660000
06-07-09,894.27002,898.719971,886.359985,898.719971,4712580000
13-07-09,879.570007,901.049988,875.320007,901.049988,4499440000
20-07-09,942.070007,951.619995,940.98999,951.130005,4853150000
27-07-09,978.630005,982.48999,972.289978,982.179993,4631290000
03-08-09,990.219971,1003.609985,990.219971,1002.630005,5603440000
10-08-09,1008.890015,1010.119995,1000.98999,1007.099976,5406080000
17-08-09,998.179993,998.179993,978.51001,979.72998,4088570000
24-08-09,1026.589966,1035.819946,1022.47998,1025.569946,6302450000
31-08-09,1025.209961,1025.209961,1014.619995,1020.619995,5004560000
08-09-09,1018.669983,1026.069946,1018.669983,1025.390015,5235160000
15-09-09,1049.030029,1056.040039,1043.420044,1052.630005,6185620000
22-09-09,1066.349976,1073.810059,1066.349976,1071.660034,5246600000
29-09-09,1063.689941,1069.619995,1057.829956,1060.609985,4949900000
06-10-09,1042.02002,1060.550049,1042.02002,1054.719971,5029840000
13-10-09,1074.959961,1075.300049,1066.709961,1073.189941,4320480000
20-10-09,1098.640015,1098.640015,1086.160034,1091.060059,5396930000
27-10-09,1067.540039,1072.47998,1060.619995,1063.410034,5337380000
03-11-09,1040.920044,1046.359985,1033.939941,1045.410034,5487500000
10-11-09,1091.859985,1096.420044,1087.400024,1093.01001,4394770000
17-11-09,1109.219971,1110.52002,1102.189941,1110.319946,3824070000
24-11-09,1105.829956,1107.560059,1097.630005,1105.650024,3700820000
02-12-09,1109.030029,1115.579956,1105.290039,1109.23999,3941340000
09-12-09,1091.069946,1097.040039,1085.890015,1095.949951,4115410000
16-12-09,1108.609985,1116.209961,1107.959961,1109.180054,4829820000
23-12-09,1118.839966,1121.579956,1116,1120.589966,3166870000
31-12-09,1126.599976,1127.640015,1114.810059,1115.099976,2076990000
08-01-10,1140.52002,1145.390015,1136.219971,1144.97998,4389590000
15-01-10,1147.719971,1147.77002,1131.390015,1136.030029,4758730000
25-01-10,1092.400024,1102.969971,1092.400024,1096.780029,4481390000
01-02-10,1073.890015,1089.380005,1073.890015,1089.189941,4077610000
08-02-10,1065.51001,1071.199951,1056.51001,1056.73999,4089820000
16-02-10,1079.130005,1095.670044,1079.130005,1094.869995,4080770000
23-02-10,1107.48999,1108.579956,1092.180054,1094.599976,4521050000
02-03-10,1117.01001,1123.459961,1116.51001,1118.310059,4134680000
09-03-10,1137.560059,1145.369995,1134.900024,1140.449951,5185570000
16-03-10,1150.829956,1160.280029,1150.349976,1159.459961,4369770000
23-03-10,1166.469971,1174.719971,1163.829956,1174.170044,4411640000
30-03-10,1173.75,1177.829956,1168.920044,1173.27002,4085000000
07-04-10,1188.22998,1189.599976,1177.25,1182.449951,5101430000
14-04-10,1198.689941,1210.650024,1198.689941,1210.650024,5760040000
21-04-10,1207.160034,1210.98999,1198.849976,1205.939941,5724310000
28-04-10,1184.589966,1195.050049,1181.810059,1191.359985,6342310000
05-05-10,1169.23999,1175.949951,1158.150024,1165.869995,6795940000
12-05-10,1155.430054,1172.869995,1155.430054,1171.670044,5225460000
19-05-10,1119.569946,1124.27002,1100.660034,1115.050049,6765800000
26-05-10,1075.51001,1090.75,1065.589966,1067.949951,4521050000
03-06-10,1098.819946,1105.670044,1091.810059,1102.829956,4995970000
10-06-10,1058.77002,1087.849976,1058.77002,1086.839966,5144780000
17-06-10,1115.97998,1117.719971,1105.869995,1116.040039,4557760000
24-06-10,1090.930054,1090.930054,1071.599976,1073.689941,4814830000
01-07-10,1031.099976,1033.579956,1010.909973,1027.369995,6435770000
09-07-10,1070.5,1078.160034,1068.099976,1077.959961,3506570000
16-07-10,1093.849976,1093.849976,1063.319946,1064.880005,5297350000
23-07-10,1092.170044,1103.72998,1087.880005,1102.660034,4524570000
30-07-10,1098.439941,1106.439941,1088.01001,1101.599976,4006450000
06-08-10,1122.069946,1123.060059,1107.170044,1121.640015,3857890000
13-08-10,1082.219971,1086.25,1079,1079.25,3328890000
20-08-10,1075.630005,1075.630005,1063.910034,1071.689941,3761570000
27-08-10,1049.27002,1065.209961,1039.699951,1064.589966,4102460000
03-09-10,1093.609985,1105.099976,1093.609985,1104.51001,3534500000
13-09-10,1113.380005,1123.869995,1113.380005,1121.900024,4521050000
20-09-10,1126.569946,1144.859985,1126.569946,1142.709961,3364080000
27-09-10,1148.640015,1149.920044,1142,1142.160034,3587860000
04-10-10,1144.959961,1148.160034,1131.869995,1137.030029,3604110000
11-10-10,1165.319946,1168.680054,1162.02002,1165.319946,2505900000
18-10-10,1176.829956,1185.530029,1174.550049,1184.709961,4450050000
25-10-10,1184.73999,1196.140015,1184.73999,1185.619995,4221380000
01-11-10,1185.709961,1195.810059,1177.650024,1184.380005,4129180000
08-11-10,1223.23999,1224.569946,1217.550049,1223.25,3937230000
15-11-10,1200.439941,1207.430054,1197.150024,1197.75,3503370000
22-11-10,1198.069946,1198.939941,1184.579956,1197.839966,3689500000
30-11-10,1182.959961,1187.400024,1174.140015,1180.550049,4284700000
07-12-10,1227.25,1235.050049,1223.25,1223.75,6970630000
14-12-10,1241.839966,1246.589966,1238.170044,1241.589966,4132350000
21-12-10,1249.430054,1255.819946,1249.430054,1254.599976,3479670000
29-12-10,1258.780029,1262.599976,1258.780029,1259.780029,2214380000
05-01-11,1268.780029,1277.630005,1265.359985,1276.560059,4764920000
12-01-11,1275.650024,1286.869995,1275.650024,1285.959961,4226940000
20-01-11,1280.849976,1283.349976,1271.26001,1280.26001,4935320000
27-01-11,1297.51001,1301.290039,1294.410034,1299.540039,4309190000
03-02-11,1302.77002,1308.599976,1294.829956,1307.099976,4370990000
10-02-11,1318.130005,1322.780029,1311.73999,1321.869995,4184610000
17-02-11,1334.369995,1341.5,1331,1340.430054,1966450000
25-02-11,1307.339966,1320.609985,1307.339966,1319.880005,3836030000
04-03-11,1330.72998,1331.079956,1312.589966,1321.150024,4223740000
11-03-11,1293.430054,1308.349976,1291.98999,1304.280029,3740400000
18-03-11,1276.709961,1288.880005,1276.180054,1279.209961,4685500000
25-03-11,1311.800049,1319.180054,1310.150024,1313.800049,4223740000
01-04-11,1329.47998,1337.849976,1328.890015,1332.410034,4223740000
08-04-11,1336.160034,1339.459961,1322.939941,1328.170044,3582810000
15-04-11,1314.540039,1322.880005,1313.680054,1319.680054,4223740000
25-04-11,1337.140015,1337.550049,1331.469971,1335.25,2142130000
02-05-11,1365.209961,1370.579956,1358.589966,1361.219971,3846250000
09-05-11,1340.199951,1349.439941,1338.640015,1346.290039,4265250000
16-05-11,1334.77002,1343.329956,1327.319946,1329.469971,3846250000
23-05-11,1333.069946,1333.069946,1312.880005,1317.369995,3255580000
31-05-11,1331.099976,1345.199951,1331.099976,1345.199951,4696240000
07-06-11,1286.310059,1296.219971,1284.73999,1284.939941,3846250000
14-06-11,1272.219971,1292.5,1272.219971,1287.869995,3500280000
21-06-11,1278.400024,1297.619995,1278.400024,1295.52002,4056150000
28-06-11,1280.209961,1296.800049,1280.209961,1296.670044,3681500000
06-07-11,1337.560059,1340.939941,1330.920044,1339.219971,3564190000
13-07-11,1314.449951,1331.47998,1314.449951,1317.719971,4060080000
20-07-11,1328.660034,1330.430054,1323.650024,1325.839966,3767420000
27-07-11,1331.910034,1331.910034,1303.48999,1304.890015,3479040000
03-08-11,1254.25,1261.199951,1234.560059,1260.339966,6446940000
10-08-11,1171.77002,1171.77002,1118.01001,1120.76001,5018070000
17-08-11,1192.890015,1208.469971,1184.359985,1193.890015,4388340000
24-08-11,1162.160034,1178.560059,1156.300049,1177.599976,5315310000
31-08-11,1213,1230.709961,1209.349976,1218.890015,5267840000
08-09-11,1197.97998,1204.400024,1183.339966,1185.900024,4465170000
15-09-11,1189.439941,1209.109985,1189.439941,1209.109985,4479730000
22-09-11,1164.550049,1164.550049,1114.219971,1129.560059,6703140000
29-09-11,1151.73999,1175.869995,1139.930054,1160.400024,5285740000
06-10-11,1144.109985,1165.550049,1134.949951,1164.969971,5098330000
13-10-11,1206.959961,1207.459961,1190.579956,1203.660034,4436270000
20-10-11,1209.920044,1219.530029,1197.339966,1215.390015,4870290000
27-10-11,1243.969971,1292.660034,1243.969971,1284.589966,6367610000
03-11-11,1238.25,1263.209961,1234.810059,1261.150024,4849140000
10-11-11,1229.589966,1246.219971,1227.699951,1239.699951,4002760000
17-11-11,1236.560059,1237.72998,1209.430054,1216.130005,4596450000
25-11-11,1161.410034,1172.660034,1158.660034,1158.670044,1664200000
02-12-11,1246.030029,1260.079956,1243.349976,1244.280029,4144310000
09-12-11,1234.47998,1258.25,1234.47998,1255.189941,3830610000
16-12-11,1216.089966,1231.040039,1215.199951,1219.660034,5345800000
23-12-11,1254,1265.420044,1254,1265.329956,2233830000
03-01-12,1258.859985,1284.619995,1258.859985,1277.060059,3943710000
10-01-12,1280.77002,1296.459961,1280.77002,1292.079956,4221960000
18-01-12,1293.650024,1308.109985,1290.98999,1308.040039,4096160000
25-01-12,1314.400024,1328.300049,1307.650024,1326.060059,4410910000
01-02-12,1312.449951,1330.52002,1312.449951,1324.089966,4504360000
08-02-12,1347.040039,1351,1341.949951,1349.959961,4096730000
15-02-12,1350.52002,1355.869995,1340.800049,1343.22998,4080340000
23-02-12,1357.530029,1364.23999,1352.280029,1363.459961,3786450000
01-03-12,1365.900024,1376.170044,1365.900024,1374.089966,3919240000
08-03-12,1352.650024,1368.719971,1352.650024,1365.910034,3543060000
15-03-12,1394.170044,1402.630005,1392.780029,1402.599976,4271650000
22-03-12,1402.890015,1402.890015,1388.72998,1392.780029,3740590000
29-03-12,1405.390015,1405.390015,1391.560059,1403.280029,3832000000
05-04-12,1398.790039,1401.599976,1392.920044,1398.079956,3303740000
13-04-12,1387.609985,1387.609985,1369.849976,1370.26001,3631160000
20-04-12,1376.959961,1387.400024,1376.959961,1378.530029,3833320000
27-04-12,1400.189941,1406.640015,1397.310059,1403.359985,3645830000
04-05-12,1391.51001,1391.51001,1367.959961,1369.099976,3975140000
11-05-12,1358.109985,1365.660034,1348.890015,1353.390015,3869070000
18-05-12,1305.050049,1312.23999,1291.97998,1295.219971,4512470000
25-05-12,1320.810059,1324.199951,1314.22998,1317.819946,2872660000
04-06-12,1278.290039,1282.550049,1266.73999,1278.180054,4011960000
11-06-12,1325.719971,1335.52002,1307.72998,1308.930054,3537530000
18-06-12,1342.420044,1348.219971,1334.459961,1344.780029,3259430000
25-06-12,1334.900024,1334.900024,1309.27002,1313.719971,3501820000
02-07-12,1362.329956,1366.349976,1355.699951,1365.51001,3301650000
10-07-12,1352.959961,1361.540039,1336.27002,1341.469971,3470600000
17-07-12,1353.680054,1365.359985,1345.069946,1363.670044,3566680000
24-07-12,1350.52002,1351.530029,1329.23999,1338.310059,3891290000
31-07-12,1385.27002,1387.160034,1379.170044,1379.319946,3821570000
07-08-12,1394.459961,1407.140015,1394.459961,1401.349976,3682490000
14-08-12,1404.359985,1410.030029,1400.599976,1403.930054,2930900000
21-08-12,1418.130005,1426.680054,1410.859985,1413.170044,3282950000
28-08-12,1410.439941,1413.630005,1405.589966,1409.300049,2629090000
05-09-12,1404.939941,1408.810059,1401.25,1403.439941,3389110000
12-09-12,1433.560059,1439.150024,1432.98999,1436.560059,3641200000
19-09-12,1459.5,1465.150024,1457.880005,1461.050049,3451360000
26-09-12,1441.599976,1441.599976,1430.530029,1433.319946,3565380000
03-10-12,1446.050049,1454.300049,1441.98999,1450.98999,3531640000
10-10-12,1441.47998,1442.52002,1430.640015,1432.560059,3225060000
17-10-12,1454.219971,1462.199951,1453.349976,1460.910034,3655320000
24-10-12,1413.199951,1420.040039,1407.099976,1408.75,3385970000
02-11-12,1427.589966,1434.27002,1412.910034,1414.199951,3732480000
09-11-12,1377.550049,1391.390015,1373.030029,1379.849976,3647350000
16-11-12,1353.359985,1362.030029,1343.349976,1359.880005,4045910000
26-11-12,1409.150024,1409.150024,1397.680054,1406.290039,2948960000
03-12-12,1416.339966,1423.72998,1408.459961,1409.459961,3074280000
10-12-12,1418.069946,1421.640015,1415.640015,1418.550049,2999430000
17-12-12,1413.540039,1430.670044,1413.540039,1430.359985,3455610000
24-12-12,1430.150024,1430.150024,1424.660034,1426.660034,1248960000
02-01-13,1426.189941,1462.430054,1426.189941,1462.420044,4202600000
09-01-13,1457.150024,1464.72998,1457.150024,1461.02002,3674390000
16-01-13,1472.329956,1473.959961,1467.599976,1472.630005,3384080000
24-01-13,1494.810059,1502.27002,1489.459961,1494.819946,3699430000
31-01-13,1501.959961,1504.189941,1496.76001,1498.109985,3999880000
07-02-13,1512.119995,1512.900024,1498.48999,1509.390015,3614580000
14-02-13,1520.329956,1523.140015,1514.02002,1521.380005,3759740000
22-02-13,1502.420044,1515.640015,1502.420044,1515.599976,3419320000
01-03-13,1514.680054,1519.98999,1501.47998,1518.199951,3695610000
08-03-13,1544.26001,1552.47998,1542.939941,1551.180054,3652260000
15-03-13,1563.209961,1563.619995,1555.73999,1560.699951,5175850000
22-03-13,1545.900024,1557.73999,1545.900024,1556.890015,2948380000
01-04-13,1569.180054,1570.569946,1558.469971,1562.170044,2753110000
08-04-13,1553.26001,1563.069946,1548.630005,1563.069946,2887120000
15-04-13,1588.839966,1588.839966,1552.280029,1552.359985,4660130000
22-04-13,1555.25,1565.550049,1548.189941,1562.5,2979880000
29-04-13,1582.339966,1596.650024,1582.339966,1593.609985,2891200000
06-05-13,1614.400024,1619.77002,1614.209961,1617.5,3062240000
13-05-13,1632.099976,1636,1626.73999,1633.77002,2910600000
20-05-13,1665.709961,1672.839966,1663.52002,1666.290039,3275080000
28-05-13,1652.630005,1674.209961,1652.630005,1660.060059,3457400000
04-06-13,1640.72998,1646.530029,1623.619995,1631.380005,3653840000
11-06-13,1638.640015,1640.130005,1622.920044,1626.130005,3435710000
18-06-13,1639.77002,1654.189941,1639.77002,1651.810059,3120980000
25-06-13,1577.52002,1593.790039,1577.089966,1588.030029,3761170000
02-07-13,1614.290039,1624.26001,1606.77002,1614.079956,3317130000
10-07-13,1651.560059,1657.920044,1647.660034,1652.619995,3011010000
17-07-13,1677.910034,1684.75,1677.910034,1680.910034,3153440000
24-07-13,1696.060059,1698.380005,1682.569946,1685.939941,3336120000
31-07-13,1687.76001,1698.430054,1684.939941,1685.72998,3847390000
07-08-13,1695.300049,1695.300049,1684.910034,1690.910034,3010230000
14-08-13,1693.880005,1695.52002,1684.829956,1685.390015,2871430000
21-08-13,1650.660034,1656.98999,1639.430054,1642.800049,2932180000
28-08-13,1630.25,1641.180054,1627.469971,1634.959961,2784010000
05-09-13,1653.280029,1659.170044,1653.069946,1655.079956,2957110000
12-09-13,1689.209961,1689.969971,1681.959961,1683.420044,3106290000
19-09-13,1727.339966,1729.859985,1720.199951,1722.339966,3740130000
26-09-13,1694.050049,1703.849976,1693.109985,1698.670044,2813930000
03-10-13,1692.349976,1692.349976,1670.359985,1678.660034,3279650000
10-10-13,1660.880005,1692.560059,1660.880005,1692.560059,3362300000
17-10-13,1720.170044,1733.449951,1714.119995,1733.150024,3453590000
24-10-13,1747.47998,1753.939941,1745.5,1752.069946,3671700000
31-10-13,1763.23999,1768.530029,1755.719971,1756.540039,3826530000
07-11-13,1770.73999,1774.540039,1746.199951,1747.150024,4143200000
14-11-13,1782.75,1791.530029,1780.219971,1790.619995,3139060000
21-11-13,1783.52002,1797.160034,1783.52002,1795.849976,3256630000
29-11-13,1808.689941,1813.550049,1803.97998,1805.810059,1598300000
06-12-13,1788.359985,1806.040039,1788.359985,1805.089966,3150030000
13-12-13,1777.97998,1780.920044,1772.449951,1775.319946,3061070000
20-12-13,1810.390015,1823.75,1810.25,1818.319946,5097700000
30-12-13,1841.469971,1842.469971,1838.77002,1841.069946,2293860000
07-01-14,1828.709961,1840.099976,1828.709961,1837.880005,3511750000
14-01-14,1821.359985,1839.26001,1821.359985,1838.880005,3353270000
22-01-14,1844.709961,1846.869995,1840.880005,1844.859985,3374170000
29-01-14,1790.150024,1790.150024,1770.449951,1774.199951,3964020000
05-02-14,1753.380005,1755.790039,1737.920044,1751.640015,3984290000
12-02-14,1820.119995,1826.550049,1815.969971,1819.26001,3326380000
20-02-14,1829.23999,1842.790039,1824.579956,1839.780029,3404980000
27-02-14,1844.900024,1854.530029,1841.130005,1854.290039,3547460000
06-03-14,1874.180054,1881.939941,1874.180054,1877.030029,3360450000
13-03-14,1869.060059,1874.400024,1841.859985,1846.339966,3670990000
20-03-14,1860.089966,1873.48999,1854.630005,1872.01001,3327540000
27-03-14,1852.109985,1855.550049,1842.109985,1849.040039,3733430000
03-04-14,1891.430054,1893.800049,1882.650024,1888.77002,3055600000
10-04-14,1872.280029,1872.530029,1830.869995,1833.079956,3758780000
17-04-14,1861.72998,1869.630005,1856.719971,1864.849976,3341430000
25-04-14,1877.719971,1877.719971,1859.699951,1863.400024,3213020000
02-05-14,1885.300049,1891.329956,1878.5,1881.140015,3159560000
09-05-14,1875.27002,1878.569946,1867.02002,1878.47998,3025020000
16-05-14,1871.189941,1878.280029,1864.819946,1877.859985,3173650000
23-05-14,1893.319946,1901.26001,1893.319946,1900.530029,2396280000
02-06-14,1923.869995,1925.880005,1915.97998,1924.969971,2509020000
09-06-14,1948.969971,1955.550049,1947.160034,1951.27002,2812180000
16-06-14,1934.839966,1941.150024,1930.910034,1937.780029,2926130000
23-06-14,1962.920044,1963.73999,1958.890015,1962.609985,2717630000
30-06-14,1960.790039,1964.23999,1958.219971,1960.22998,3037350000
08-07-14,1976.390015,1976.390015,1959.459961,1963.709961,3302430000
15-07-14,1977.359985,1982.52002,1965.339966,1973.280029,3328740000
22-07-14,1975.650024,1986.23999,1975.650024,1983.530029,2890480000
29-07-14,1980.030029,1984.849976,1969.949951,1969.949951,3183300000
05-08-14,1936.339966,1936.339966,1913.77002,1920.209961,3462520000
12-08-14,1935.72998,1939.650024,1928.290039,1933.75,2611700000
19-08-14,1972.72998,1982.569946,1972.72998,1981.599976,2656430000
26-08-14,1998.589966,2005.040039,1998.589966,2000.02002,2451950000
03-09-14,2003.569946,2009.280029,1998.140015,2000.719971,2809980000
10-09-14,1988.410034,1996.660034,1982.98999,1995.689941,2912430000
17-09-14,1999.300049,2010.73999,1993.290039,2001.569946,3209420000
24-09-14,1983.339966,1999.790039,1978.630005,1998.300049,3313850000
01-10-14,1971.439941,1971.439941,1941.719971,1946.160034,4188590000
08-10-14,1935.550049,1970.359985,1925.25,1968.890015,4441890000
15-10-14,1874.180054,1874.180054,1820.660034,1862.48999,6090800000
22-10-14,1941.290039,1949.310059,1926.829956,1927.109985,3761930000
29-10-14,1983.290039,1991.400024,1969.040039,1982.300049,3740350000
05-11-14,2015.290039,2023.77002,2014.420044,2023.569946,3766590000
12-11-14,2037.75,2040.329956,2031.949951,2038.25,3246650000
19-11-14,2051.159912,2052.139893,2040.369995,2048.719971,3390850000
26-11-14,2067.360107,2073.290039,2066.620117,2072.830078,2745260000
04-12-14,2073.639893,2077.340088,2062.340088,2071.919922,3408340000
11-12-14,2027.920044,2055.530029,2027.920044,2035.329956,3917950000
18-12-14,2018.97998,2061.22998,2018.97998,2061.22998,4703380000
26-12-14,2084.300049,2092.699951,2084.300049,2088.77002,1735230000
05-01-15,2054.439941,2054.439941,2017.339966,2020.579956,3799120000
12-01-15,2046.130005,2049.300049,2022.579956,2028.26001,3456460000
20-01-15,2020.76001,2028.939941,2004.48999,2022.550049,3944340000
27-01-15,2047.859985,2047.859985,2019.910034,2029.550049,3329810000
03-02-15,2022.709961,2050.300049,2022.709961,2050.030029,4615900000
10-02-15,2049.379883,2070.860107,2048.620117,2068.590088,3669850000
18-02-15,2099.159912,2100.22998,2092.149902,2099.679932,3370020000
25-02-15,2115.300049,2119.590088,2109.889893,2113.860107,3312340000
04-03-15,2107.719971,2107.719971,2094.48999,2098.530029,3421110000
11-03-15,2044.689941,2050.080078,2039.689941,2040.23999,3406570000
18-03-15,2072.840088,2106.850098,2061.22998,2099.5,4128210000
25-03-15,2093.100098,2097.429932,2061.050049,2061.050049,3521140000
01-04-15,2067.629883,2067.629883,2048.379883,2059.689941,3543270000
09-04-15,2081.290039,2093.310059,2074.290039,2091.179932,3172360000
16-04-15,2105.959961,2111.300049,2100.02002,2104.98999,3434120000
23-04-15,2107.209961,2120.48999,2103.189941,2112.929932,3636670000
30-04-15,2105.52002,2105.52002,2077.590088,2085.51001,4509680000
07-05-15,2079.959961,2092.899902,2074.98999,2088,3676640000
14-05-15,2100.429932,2121.449951,2100.429932,2121.100098,3225740000
21-05-15,2125.550049,2134.280029,2122.949951,2130.820068,3070460000
29-05-15,2120.659912,2120.659912,2104.889893,2107.389893,3927390000
05-06-15,2095.090088,2100.98999,2085.669922,2092.830078,3243690000
12-06-15,2107.429932,2107.429932,2091.330078,2094.110107,2719400000
19-06-15,2121.060059,2121.639893,2109.449951,2109.98999,4449810000
26-06-15,2102.620117,2108.919922,2095.379883,2101.48999,5025470000
06-07-15,2073.949951,2078.610107,2058.399902,2068.76001,3486360000
13-07-15,2080.030029,2100.669922,2080.030029,2099.600098,3096730000
20-07-15,2126.850098,2132.820068,2123.659912,2128.280029,3245870000
27-07-15,2078.189941,2078.189941,2063.52002,2067.639893,3836750000
03-08-15,2104.48999,2105.699951,2087.310059,2098.040039,3476770000
10-08-15,2080.97998,2105.350098,2080.97998,2104.179932,3514460000
17-08-15,2089.699951,2102.870117,2079.300049,2102.439941,2867690000
24-08-15,1965.150024,1965.150024,1867.01001,1893.209961,6612690000
31-08-15,1986.72998,1986.72998,1965.97998,1972.180054,3915100000
08-09-15,1927.300049,1970.420044,1927.300049,1969.410034,3548650000
15-09-15,1955.099976,1983.189941,1954.300049,1978.089966,3239860000
22-09-15,1961.390015,1961.390015,1929.219971,1942.73999,3808260000
29-09-15,1881.900024,1899.47998,1871.910034,1884.089966,4132390000
06-10-15,1986.630005,1991.619995,1971.98999,1979.920044,4202400000
13-10-15,2015,2022.339966,2001.780029,2003.689941,3401920000
20-10-15,2033.130005,2039.119995,2026.609985,2030.77002,3331500000
27-10-15,2068.75,2070.370117,2058.840088,2065.889893,4216880000
03-11-15,2102.629883,2116.47998,2097.51001,2109.790039,4272060000
10-11-15,2077.189941,2083.669922,2069.909912,2081.719971,3821440000
17-11-15,2053.669922,2066.689941,2045.900024,2050.439941,4427350000
24-11-15,2084.419922,2094.120117,2070.290039,2089.139893,3884930000
02-12-15,2101.709961,2104.27002,2077.110107,2079.51001,3950640000
09-12-15,2061.169922,2080.330078,2036.530029,2047.619995,4385250000
16-12-15,2046.5,2076.719971,2042.430054,2073.070068,4635450000
23-12-15,2042.199951,2064.72998,2042.199951,2064.290039,3484090000
31-12-15,2060.590088,2062.540039,2043.619995,2043.939941,2655330000
08-01-16,1945.969971,1960.400024,1918.459961,1922.030029,4664940000
15-01-16,1916.680054,1916.680054,1857.829956,1880.329956,5468460000
25-01-16,1906.280029,1906.280029,1875.969971,1877.079956,4401380000
01-02-16,1936.939941,1947.199951,1920.300049,1939.380005,4322530000
08-02-16,1873.25,1873.25,1828.459961,1853.439941,5636460000
16-02-16,1871.439941,1895.77002,1871.439941,1895.579956,4570670000
23-02-16,1942.380005,1942.380005,1919.439941,1921.27002,3890650000
01-03-16,1937.089966,1978.349976,1937.089966,1978.349976,4819750000
08-03-16,1996.880005,1996.880005,1977.430054,1979.26001,4641650000
15-03-16,2015.27002,2015.939941,2005.22998,2015.930054,3560280000
22-03-16,2048.639893,2056.600098,2040.569946,2049.800049,3418460000
30-03-16,2058.27002,2072.209961,2058.27002,2063.949951,3590310000
06-04-16,2045.560059,2067.330078,2043.089966,2066.659912,3750800000
13-04-16,2065.919922,2083.179932,2065.919922,2082.419922,4191830000
20-04-16,2101.52002,2111.050049,2096.320068,2102.399902,4184880000
27-04-16,2092.330078,2099.889893,2082.310059,2095.149902,4100110000
04-05-16,2060.300049,2060.300049,2045.550049,2051.120117,4058560000
11-05-16,2083.290039,2083.290039,2064.459961,2064.459961,3821980000
18-05-16,2044.380005,2060.610107,2034.48999,2047.630005,4101320000
25-05-16,2078.929932,2094.72998,2078.929932,2090.540039,3859160000
02-06-16,2097.709961,2105.26001,2088.590088,2105.26001,3632720000
09-06-16,2115.649902,2117.639893,2107.72998,2115.47998,3290320000
16-06-16,2066.360107,2079.620117,2050.370117,2077.98999,3628280000
23-06-16,2092.800049,2113.320068,2092.800049,2113.320068,3297940000
30-06-16,2073.169922,2098.939941,2070,2098.860107,4622820000
08-07-16,2106.969971,2131.709961,2106.969971,2129.899902,3607500000
15-07-16,2165.129883,2169.050049,2155.790039,2161.73999,3122600000
22-07-16,2166.469971,2175.110107,2163.23999,2175.030029,3023280000
29-07-16,2168.830078,2177.090088,2163.48999,2173.600098,4038840000
05-08-16,2168.790039,2182.870117,2168.790039,2182.870117,3663070000
12-08-16,2183.73999,2186.280029,2179.419922,2184.050049,3000660000
19-08-16,2184.23999,2185,2175.129883,2183.870117,3084800000
26-08-16,2175.100098,2187.939941,2160.389893,2169.040039,3342340000
02-09-16,2177.48999,2184.870117,2173.590088,2179.97998,3091120000
12-09-16,2120.860107,2163.300049,2119.120117,2159.040039,4010480000
19-09-16,2143.98999,2153.610107,2135.909912,2139.120117,3163000000
26-09-16,2158.540039,2158.540039,2145.040039,2146.100098,3216170000
03-10-16,2164.330078,2164.409912,2154.77002,2161.199951,3137550000
10-10-16,2160.389893,2169.600098,2160.389893,2163.659912,2916550000
17-10-16,2132.949951,2135.610107,2124.429932,2126.5,2830390000
24-10-16,2148.5,2154.790039,2146.909912,2151.330078,3357320000
31-10-16,2129.780029,2133.25,2125.530029,2126.149902,3922400000
07-11-16,2100.590088,2132,2100.590088,2131.52002,3736060000
14-11-16,2165.639893,2171.360107,2156.080078,2164.199951,5367200000
21-11-16,2186.429932,2198.699951,2186.429932,2198.179932,3607010000
29-11-16,2200.76001,2210.459961,2198.149902,2204.659912,3706560000
06-12-16,2207.26001,2212.780029,2202.209961,2212.22998,3855320000
13-12-16,2263.320068,2277.530029,2263.320068,2271.719971,3857590000
20-12-16,2266.5,2272.560059,2266.139893,2270.76001,3298780000
28-12-16,2270.22998,2271.310059,2249.110107,2249.919922,2392360000
05-01-17,2268.179932,2271.5,2260.449951,2269,3761820000
12-01-17,2271.139893,2271.780029,2254.25,2270.439941,3462130000
20-01-17,2269.959961,2276.959961,2265.01001,2271.310059,3524970000
27-01-17,2299.02002,2299.02002,2291.620117,2294.689941,3135890000
03-02-17,2288.540039,2298.310059,2287.879883,2297.419922,3597970000
10-02-17,2312.27002,2319.22998,2311.100098,2316.100098,3475020000
17-02-17,2343.01001,2351.159912,2339.580078,2351.159912,3513060000
27-02-17,2365.22998,2371.540039,2361.870117,2369.75,3582610000
06-03-17,2375.22998,2378.800049,2367.97998,2375.310059,3232700000
13-03-17,2371.560059,2374.419922,2368.52002,2373.469971,3133900000
20-03-17,2378.23999,2379.550049,2369.659912,2373.469971,3054930000
27-03-17,2329.110107,2344.899902,2322.25,2341.590088,3240230000
03-04-17,2362.340088,2365.870117,2344.72998,2358.840088,3416400000
10-04-17,2357.159912,2366.370117,2351.5,2357.159912,2785410000
18-04-17,2342.530029,2348.350098,2334.540039,2342.189941,3269840000
25-04-17,2381.51001,2392.47998,2381.149902,2388.610107,3995240000
02-05-17,2391.050049,2392.929932,2385.820068,2391.169922,3813680000
09-05-17,2401.580078,2403.870117,2392.439941,2396.919922,3653590000
16-05-17,2404.550049,2405.77002,2396.050049,2400.669922,3420790000
23-05-17,2397.040039,2400.850098,2393.879883,2398.419922,3213570000
31-05-17,2415.629883,2415.98999,2403.590088,2411.800049,4516110000
07-06-17,2432.030029,2435.280029,2424.75,2433.139893,3572300000
14-06-17,2443.75,2443.75,2428.340088,2437.919922,3555590000
21-06-17,2439.310059,2442.22998,2430.73999,2435.610107,3594820000
28-06-17,2428.699951,2442.969971,2428.02002,2440.689941,3500800000
06-07-17,2423.439941,2424.280029,2407.699951,2409.75,3364520000
13-07-17,2444.98999,2449.320068,2441.689941,2447.830078,3067670000
20-07-17,2475.560059,2477.620117,2468.429932,2473.449951,3182780000
27-07-17,2482.76001,2484.040039,2459.929932,2475.419922,3995520000
03-08-17,2476.030029,2476.030029,2468.850098,2472.159912,3645020000
10-08-17,2465.379883,2465.379883,2437.75,2438.209961,3621070000
17-08-17,2462.949951,2465.02002,2430.01001,2430.01001,3142620000
24-08-17,2447.909912,2450.389893,2436.189941,2438.969971,2846590000
31-08-17,2462.649902,2475.01001,2462.649902,2471.649902,3348110000
08-09-17,2462.25,2467.110107,2459.399902,2461.429932,3302490000
15-09-17,2495.669922,2500.22998,2493.159912,2500.22998,4853170000
22-09-17,2497.26001,2503.469971,2496.540039,2502.219971,2865960000
29-09-17,2509.959961,2519.439941,2507.98999,2519.360107,3211920000
06-10-17,2547.439941,2549.409912,2543.790039,2549.330078,2884570000
13-10-17,2555.659912,2557.649902,2552.090088,2553.169922,3149440000
20-10-17,2567.560059,2575.439941,2567.560059,2575.209961,3384650000
27-10-17,2570.26001,2582.97998,2565.939941,2581.070068,3887110000
03-11-17,2581.929932,2588.419922,2576.77002,2587.840088,3567710000
10-11-17,2580.179932,2583.810059,2575.570068,2582.300049,3486910000
17-11-17,2582.939941,2583.959961,2577.620117,2578.850098,3300160000
27-11-17,2602.659912,2606.409912,2598.870117,2601.419922,3006860000
04-12-17,2657.189941,2665.189941,2639.030029,2639.439941,4023150000
11-12-17,2652.189941,2660.330078,2651.469971,2659.98999,3091950000
18-12-17,2685.919922,2694.969971,2685.919922,2690.159912,3724660000
26-12-17,2679.090088,2682.73999,2677.959961,2680.5,1968780000
03-01-18,2697.850098,2714.370117,2697.77002,2713.060059,3538660000
10-01-18,2745.550049,2750.800049,2736.060059,2748.22998,3576350000
18-01-18,2802.399902,2805.830078,2792.560059,2798.030029,3681470000
25-01-18,2846.23999,2848.560059,2830.939941,2839.25,3835150000
01-02-18,2816.449951,2835.959961,2812.699951,2821.97998,3938450000
08-02-18,2685.01001,2685.27002,2580.560059,2581,5305440000
15-02-18,2713.459961,2731.51001,2689.820068,2731.199951,3684910000
23-02-18,2715.800049,2747.76001,2713.73999,2747.300049,3189190000
02-03-18,2658.889893,2696.25,2647.320068,2691.25,3882450000
09-03-18,2752.909912,2786.570068,2751.540039,2786.570068,3364100000
16-03-18,2750.570068,2761.850098,2749.969971,2752.01001,5372340000
23-03-18,2646.709961,2657.669922,2585.889893,2588.26001,3815080000
02-04-18,2633.449951,2638.300049,2553.800049,2581.879883,3598520000
09-04-18,2617.179932,2653.550049,2610.790039,2613.159912,3062960000
16-04-18,2670.100098,2686.48999,2665.159912,2677.840088,3019700000
23-04-18,2675.399902,2682.860107,2657.98999,2670.290039,3017480000
30-04-18,2682.51001,2682.870117,2648.040039,2648.050049,3734530000
07-05-18,2680.340088,2683.350098,2664.699951,2672.629883,3237960000
14-05-18,2738.469971,2742.100098,2725.469971,2730.129883,2972660000
21-05-18,2735.389893,2739.189941,2725.699951,2733.01001,3019890000
29-05-18,2705.110107,2710.669922,2676.810059,2689.860107,3736890000
05-06-18,2748.459961,2752.610107,2739.51001,2748.800049,3517790000
12-06-18,2785.600098,2789.800049,2778.780029,2786.850098,3401010000
19-06-18,2752.01001,2765.050049,2743.189941,2762.590088,3661470000
26-06-18,2722.120117,2732.909912,2715.600098,2723.060059,3555090000
03-07-18,2733.27002,2736.580078,2711.159912,2713.219971,1911470000
11-07-18,2779.820068,2785.909912,2770.77002,2774.02002,2964740000
18-07-18,2811.350098,2816.76001,2805.889893,2815.620117,3089780000
25-07-18,2817.72998,2848.030029,2817.72998,2846.070068,3553010000
01-08-18,2821.169922,2825.830078,2805.850098,2813.360107,3496990000
08-08-18,2856.790039,2862.439941,2853.090088,2857.699951,2972200000
15-08-18,2827.949951,2827.949951,2802.48999,2818.370117,3645070000
22-08-18,2860.98999,2867.540039,2856.050049,2861.820068,2689560000
29-08-18,2900.620117,2916.5,2898.399902,2914.040039,2791860000
